CustomerID,Age,Annual_Income,Spending_Score
1,19,15000,39
2,21,18000,81
3,20,17000,6
4,23,22000,77
5,31,25000,40
6,22,20000,76
7,35,28000,6
8,23,24000,94
9,64,65000,3
10,30,30000,72
11,67,70000,14
12,35,35000,99
13,58,60000,15
14,24,28000,77
15,37,40000,13
16,22,21000,79
17,35,38000,35
18,20,19000,66
19,52,55000,29
20,25,27000,98
21,46,48000,35
22,31,32000,73
23,56,58000,5
24,30,31000,73
25,40,42000,35
26,28,29000,82
27,60,62000,12
28,29,33000,79
29,50,52000,36
30,24,26000,61
31,45,47000,41
32,32,34000,93
33,53,57000,8
34,33,36000,81
35,49,50000,24
36,27,30000,78
37,54,59000,18
38,26,28000,73
39,42,44000,33
40,39,41000,88
41,61,64000,20
42,36,39000,75
43,48,51000,29
44,30,31000,90
45,55,60000,17
46,25,25000,73
47,43,46000,35
48,34,37000,92
49,57,61000,11
50,29,30000,80
